precinct,year,category,incident_count
1,2000,FELONY POSSESSION STOLEN PROPERTY            ,13
1,2001,FELONY POSSESSION STOLEN PROPERTY            ,14
1,2002,FELONY POSSESSION STOLEN PROPERTY            ,8
1,2003,FELONY POSSESSION STOLEN PROPERTY            ,7
1,2004,FELONY POSSESSION STOLEN PROPERTY            ,4
1,2005,FELONY POSSESSION STOLEN PROPERTY            ,6
1,2006,FELONY POSSESSION STOLEN PROPERTY            ,3
1,2007,FELONY POSSESSION STOLEN PROPERTY            ,13
1,2008,FELONY POSSESSION STOLEN PROPERTY            ,17
1,2009,FELONY POSSESSION STOLEN PROPERTY            ,13
1,2010,FELONY POSSESSION STOLEN PROPERTY            ,17
1,2011,FELONY POSSESSION STOLEN PROPERTY            ,15
1,2012,FELONY POSSESSION STOLEN PROPERTY            ,12
1,2013,FELONY POSSESSION STOLEN PROPERTY            ,10
1,2014,FELONY POSSESSION STOLEN PROPERTY            ,31
5,2000,FELONY POSSESSION STOLEN PROPERTY            ,7
5,2001,FELONY POSSESSION STOLEN PROPERTY            ,19
5,2002,FELONY POSSESSION STOLEN PROPERTY            ,10
5,2003,FELONY POSSESSION STOLEN PROPERTY            ,5
5,2004,FELONY POSSESSION STOLEN PROPERTY            ,5
5,2005,FELONY POSSESSION STOLEN PROPERTY            ,6
5,2006,FELONY POSSESSION STOLEN PROPERTY            ,15
5,2007,FELONY POSSESSION STOLEN PROPERTY            ,6
5,2008,FELONY POSSESSION STOLEN PROPERTY            ,5
5,2009,FELONY POSSESSION STOLEN PROPERTY            ,10
5,2010,FELONY POSSESSION STOLEN PROPERTY            ,14
5,2011,FELONY POSSESSION STOLEN PROPERTY            ,5
5,2012,FELONY POSSESSION STOLEN PROPERTY            ,10
5,2013,FELONY POSSESSION STOLEN PROPERTY            ,5
5,2014,FELONY POSSESSION STOLEN PROPERTY            ,8
6,2000,FELONY POSSESSION STOLEN PROPERTY            ,17
6,2001,FELONY POSSESSION STOLEN PROPERTY            ,13
6,2002,FELONY POSSESSION STOLEN PROPERTY            ,17
6,2003,FELONY POSSESSION STOLEN PROPERTY            ,14
6,2004,FELONY POSSESSION STOLEN PROPERTY            ,10
6,2005,FELONY POSSESSION STOLEN PROPERTY            ,9
6,2006,FELONY POSSESSION STOLEN PROPERTY            ,13
6,2007,FELONY POSSESSION STOLEN PROPERTY            ,14
6,2008,FELONY POSSESSION STOLEN PROPERTY            ,10
6,2009,FELONY POSSESSION STOLEN PROPERTY            ,17
6,2010,FELONY POSSESSION STOLEN PROPERTY            ,18
6,2011,FELONY POSSESSION STOLEN PROPERTY            ,15
6,2012,FELONY POSSESSION STOLEN PROPERTY            ,23
6,2013,FELONY POSSESSION STOLEN PROPERTY            ,18
6,2014,FELONY POSSESSION STOLEN PROPERTY            ,39
7,2000,FELONY POSSESSION STOLEN PROPERTY            ,13
7,2001,FELONY POSSESSION STOLEN PROPERTY            ,10
7,2002,FELONY POSSESSION STOLEN PROPERTY            ,17
7,2003,FELONY POSSESSION STOLEN PROPERTY            ,8
7,2004,FELONY POSSESSION STOLEN PROPERTY            ,11
7,2005,FELONY POSSESSION STOLEN PROPERTY            ,17
7,2006,FELONY POSSESSION STOLEN PROPERTY            ,8
7,2007,FELONY POSSESSION STOLEN PROPERTY            ,7
7,2008,FELONY POSSESSION STOLEN PROPERTY            ,5
7,2009,FELONY POSSESSION STOLEN PROPERTY            ,3
7,2010,FELONY POSSESSION STOLEN PROPERTY            ,10
7,2011,FELONY POSSESSION STOLEN PROPERTY            ,7
7,2012,FELONY POSSESSION STOLEN PROPERTY            ,6
7,2013,FELONY POSSESSION STOLEN PROPERTY            ,10
7,2014,FELONY POSSESSION STOLEN PROPERTY            ,15
9,2000,FELONY POSSESSION STOLEN PROPERTY            ,21
9,2001,FELONY POSSESSION STOLEN PROPERTY            ,18
9,2002,FELONY POSSESSION STOLEN PROPERTY            ,15
9,2003,FELONY POSSESSION STOLEN PROPERTY            ,10
9,2004,FELONY POSSESSION STOLEN PROPERTY            ,18
9,2005,FELONY POSSESSION STOLEN PROPERTY            ,8
9,2006,FELONY POSSESSION STOLEN PROPERTY            ,13
9,2007,FELONY POSSESSION STOLEN PROPERTY            ,8
9,2008,FELONY POSSESSION STOLEN PROPERTY            ,7
9,2009,FELONY POSSESSION STOLEN PROPERTY            ,8
9,2010,FELONY POSSESSION STOLEN PROPERTY            ,18
9,2011,FELONY POSSESSION STOLEN PROPERTY            ,16
9,2012,FELONY POSSESSION STOLEN PROPERTY            ,12
9,2013,FELONY POSSESSION STOLEN PROPERTY            ,11
9,2014,FELONY POSSESSION STOLEN PROPERTY            ,16
10,2000,FELONY POSSESSION STOLEN PROPERTY            ,11
10,2001,FELONY POSSESSION STOLEN PROPERTY            ,17
10,2002,FELONY POSSESSION STOLEN PROPERTY            ,5
10,2003,FELONY POSSESSION STOLEN PROPERTY            ,16
10,2004,FELONY POSSESSION STOLEN PROPERTY            ,22
10,2005,FELONY POSSESSION STOLEN PROPERTY            ,15
10,2006,FELONY POSSESSION STOLEN PROPERTY            ,15
10,2007,FELONY POSSESSION STOLEN PROPERTY            ,17
10,2008,FELONY POSSESSION STOLEN PROPERTY            ,14
10,2009,FELONY POSSESSION STOLEN PROPERTY            ,12
10,2010,FELONY POSSESSION STOLEN PROPERTY            ,8
10,2011,FELONY POSSESSION STOLEN PROPERTY            ,16
10,2012,FELONY POSSESSION STOLEN PROPERTY            ,17
10,2013,FELONY POSSESSION STOLEN PROPERTY            ,21
10,2014,FELONY POSSESSION STOLEN PROPERTY            ,9
13,2000,FELONY POSSESSION STOLEN PROPERTY            ,17
13,2001,FELONY POSSESSION STOLEN PROPERTY            ,19
13,2002,FELONY POSSESSION STOLEN PROPERTY            ,21
13,2003,FELONY POSSESSION STOLEN PROPERTY            ,23
13,2004,FELONY POSSESSION STOLEN PROPERTY            ,12
13,2005,FELONY POSSESSION STOLEN PROPERTY            ,15
13,2006,FELONY POSSESSION STOLEN PROPERTY            ,8
13,2007,FELONY POSSESSION STOLEN PROPERTY            ,21
13,2008,FELONY POSSESSION STOLEN PROPERTY            ,25
13,2009,FELONY POSSESSION STOLEN PROPERTY            ,28
13,2010,FELONY POSSESSION STOLEN PROPERTY            ,16
13,2011,FELONY POSSESSION STOLEN PROPERTY            ,22
13,2012,FELONY POSSESSION STOLEN PROPERTY            ,15
13,2013,FELONY POSSESSION STOLEN PROPERTY            ,24
13,2014,FELONY POSSESSION STOLEN PROPERTY            ,34
14,2000,FELONY POSSESSION STOLEN PROPERTY            ,71
14,2001,FELONY POSSESSION STOLEN PROPERTY            ,74
14,2002,FELONY POSSESSION STOLEN PROPERTY            ,65
14,2003,FELONY POSSESSION STOLEN PROPERTY            ,27
14,2004,FELONY POSSESSION STOLEN PROPERTY            ,30
14,2005,FELONY POSSESSION STOLEN PROPERTY            ,57
14,2006,FELONY POSSESSION STOLEN PROPERTY            ,68
14,2007,FELONY POSSESSION STOLEN PROPERTY            ,51
14,2008,FELONY POSSESSION STOLEN PROPERTY            ,52
14,2009,FELONY POSSESSION STOLEN PROPERTY            ,31
14,2010,FELONY POSSESSION STOLEN PROPERTY            ,65
14,2011,FELONY POSSESSION STOLEN PROPERTY            ,33
14,2012,FELONY POSSESSION STOLEN PROPERTY            ,28
14,2013,FELONY POSSESSION STOLEN PROPERTY            ,31
14,2014,FELONY POSSESSION STOLEN PROPERTY            ,41
17,2000,FELONY POSSESSION STOLEN PROPERTY            ,15
17,2001,FELONY POSSESSION STOLEN PROPERTY            ,4
17,2002,FELONY POSSESSION STOLEN PROPERTY            ,9
17,2003,FELONY POSSESSION STOLEN PROPERTY            ,8
17,2004,FELONY POSSESSION STOLEN PROPERTY            ,4
17,2005,FELONY POSSESSION STOLEN PROPERTY            ,4
17,2006,FELONY POSSESSION STOLEN PROPERTY            ,7
17,2007,FELONY POSSESSION STOLEN PROPERTY            ,7
17,2008,FELONY POSSESSION STOLEN PROPERTY            ,6
17,2009,FELONY POSSESSION STOLEN PROPERTY            ,2
17,2010,FELONY POSSESSION STOLEN PROPERTY            ,1
17,2011,FELONY POSSESSION STOLEN PROPERTY            ,5
17,2012,FELONY POSSESSION STOLEN PROPERTY            ,3
17,2013,FELONY POSSESSION STOLEN PROPERTY            ,3
17,2014,FELONY POSSESSION STOLEN PROPERTY            ,5
18,2000,FELONY POSSESSION STOLEN PROPERTY            ,27
18,2001,FELONY POSSESSION STOLEN PROPERTY            ,26
18,2002,FELONY POSSESSION STOLEN PROPERTY            ,13
18,2003,FELONY POSSESSION STOLEN PROPERTY            ,19
18,2004,FELONY POSSESSION STOLEN PROPERTY            ,10
18,2005,FELONY POSSESSION STOLEN PROPERTY            ,16
18,2006,FELONY POSSESSION STOLEN PROPERTY            ,24
18,2007,FELONY POSSESSION STOLEN PROPERTY            ,13
18,2008,FELONY POSSESSION STOLEN PROPERTY            ,14
18,2009,FELONY POSSESSION STOLEN PROPERTY            ,16
18,2010,FELONY POSSESSION STOLEN PROPERTY            ,16
18,2011,FELONY POSSESSION STOLEN PROPERTY            ,9
18,2012,FELONY POSSESSION STOLEN PROPERTY            ,14
18,2013,FELONY POSSESSION STOLEN PROPERTY            ,16
18,2014,FELONY POSSESSION STOLEN PROPERTY            ,24
19,2000,FELONY POSSESSION STOLEN PROPERTY            ,14
19,2001,FELONY POSSESSION STOLEN PROPERTY            ,12
19,2002,FELONY POSSESSION STOLEN PROPERTY            ,15
19,2003,FELONY POSSESSION STOLEN PROPERTY            ,6
19,2004,FELONY POSSESSION STOLEN PROPERTY            ,32
19,2005,FELONY POSSESSION STOLEN PROPERTY            ,16
19,2006,FELONY POSSESSION STOLEN PROPERTY            ,19
19,2007,FELONY POSSESSION STOLEN PROPERTY            ,6
19,2008,FELONY POSSESSION STOLEN PROPERTY            ,4
19,2009,FELONY POSSESSION STOLEN PROPERTY            ,8
19,2010,FELONY POSSESSION STOLEN PROPERTY            ,14
19,2011,FELONY POSSESSION STOLEN PROPERTY            ,6
19,2012,FELONY POSSESSION STOLEN PROPERTY            ,11
19,2013,FELONY POSSESSION STOLEN PROPERTY            ,13
19,2014,FELONY POSSESSION STOLEN PROPERTY            ,4
20,2000,FELONY POSSESSION STOLEN PROPERTY            ,8
20,2001,FELONY POSSESSION STOLEN PROPERTY            ,14
20,2002,FELONY POSSESSION STOLEN PROPERTY            ,5
20,2003,FELONY POSSESSION STOLEN PROPERTY            ,9
20,2004,FELONY POSSESSION STOLEN PROPERTY            ,10
20,2005,FELONY POSSESSION STOLEN PROPERTY            ,9
20,2006,FELONY POSSESSION STOLEN PROPERTY            ,9
20,2007,FELONY POSSESSION STOLEN PROPERTY            ,15
20,2008,FELONY POSSESSION STOLEN PROPERTY            ,11
20,2009,FELONY POSSESSION STOLEN PROPERTY            ,10
20,2010,FELONY POSSESSION STOLEN PROPERTY            ,9
20,2011,FELONY POSSESSION STOLEN PROPERTY            ,5
20,2012,FELONY POSSESSION STOLEN PROPERTY            ,5
20,2013,FELONY POSSESSION STOLEN PROPERTY            ,6
20,2014,FELONY POSSESSION STOLEN PROPERTY            ,8
22,2000,FELONY POSSESSION STOLEN PROPERTY            ,3
22,2001,FELONY POSSESSION STOLEN PROPERTY            ,0
22,2002,FELONY POSSESSION STOLEN PROPERTY            ,0
22,2003,FELONY POSSESSION STOLEN PROPERTY            ,0
22,2004,FELONY POSSESSION STOLEN PROPERTY            ,1
22,2005,FELONY POSSESSION STOLEN PROPERTY            ,1
22,2006,FELONY POSSESSION STOLEN PROPERTY            ,0
22,2007,FELONY POSSESSION STOLEN PROPERTY            ,1
22,2008,FELONY POSSESSION STOLEN PROPERTY            ,2
22,2009,FELONY POSSESSION STOLEN PROPERTY            ,0
22,2010,FELONY POSSESSION STOLEN PROPERTY            ,3
22,2011,FELONY POSSESSION STOLEN PROPERTY            ,0
22,2012,FELONY POSSESSION STOLEN PROPERTY            ,1
22,2013,FELONY POSSESSION STOLEN PROPERTY            ,0
22,2014,FELONY POSSESSION STOLEN PROPERTY            ,0
23,2000,FELONY POSSESSION STOLEN PROPERTY            ,30
23,2001,FELONY POSSESSION STOLEN PROPERTY            ,22
23,2002,FELONY POSSESSION STOLEN PROPERTY            ,26
23,2003,FELONY POSSESSION STOLEN PROPERTY            ,18
23,2004,FELONY POSSESSION STOLEN PROPERTY            ,21
23,2005,FELONY POSSESSION STOLEN PROPERTY            ,16
23,2006,FELONY POSSESSION STOLEN PROPERTY            ,19
23,2007,FELONY POSSESSION STOLEN PROPERTY            ,8
23,2008,FELONY POSSESSION STOLEN PROPERTY            ,14
23,2009,FELONY POSSESSION STOLEN PROPERTY            ,9
23,2010,FELONY POSSESSION STOLEN PROPERTY            ,8
23,2011,FELONY POSSESSION STOLEN PROPERTY            ,8
23,2012,FELONY POSSESSION STOLEN PROPERTY            ,7
23,2013,FELONY POSSESSION STOLEN PROPERTY            ,5
23,2014,FELONY POSSESSION STOLEN PROPERTY            ,33
24,2000,FELONY POSSESSION STOLEN PROPERTY            ,10
24,2001,FELONY POSSESSION STOLEN PROPERTY            ,15
24,2002,FELONY POSSESSION STOLEN PROPERTY            ,17
24,2003,FELONY POSSESSION STOLEN PROPERTY            ,9
24,2004,FELONY POSSESSION STOLEN PROPERTY            ,12
24,2005,FELONY POSSESSION STOLEN PROPERTY            ,15
24,2006,FELONY POSSESSION STOLEN PROPERTY            ,14
24,2007,FELONY POSSESSION STOLEN PROPERTY            ,34
24,2008,FELONY POSSESSION STOLEN PROPERTY            ,20
24,2009,FELONY POSSESSION STOLEN PROPERTY            ,14
24,2010,FELONY POSSESSION STOLEN PROPERTY            ,4
24,2011,FELONY POSSESSION STOLEN PROPERTY            ,9
24,2012,FELONY POSSESSION STOLEN PROPERTY            ,8
24,2013,FELONY POSSESSION STOLEN PROPERTY            ,8
24,2014,FELONY POSSESSION STOLEN PROPERTY            ,8
25,2000,FELONY POSSESSION STOLEN PROPERTY            ,45
25,2001,FELONY POSSESSION STOLEN PROPERTY            ,52
25,2002,FELONY POSSESSION STOLEN PROPERTY            ,52
25,2003,FELONY POSSESSION STOLEN PROPERTY            ,32
25,2004,FELONY POSSESSION STOLEN PROPERTY            ,25
25,2005,FELONY POSSESSION STOLEN PROPERTY            ,18
25,2006,FELONY POSSESSION STOLEN PROPERTY            ,22
25,2007,FELONY POSSESSION STOLEN PROPERTY            ,24
25,2008,FELONY POSSESSION STOLEN PROPERTY            ,26
25,2009,FELONY POSSESSION STOLEN PROPERTY            ,25
25,2010,FELONY POSSESSION STOLEN PROPERTY            ,23
25,2011,FELONY POSSESSION STOLEN PROPERTY            ,12
25,2012,FELONY POSSESSION STOLEN PROPERTY            ,7
25,2013,FELONY POSSESSION STOLEN PROPERTY            ,4
25,2014,FELONY POSSESSION STOLEN PROPERTY            ,21
26,2000,FELONY POSSESSION STOLEN PROPERTY            ,32
26,2001,FELONY POSSESSION STOLEN PROPERTY            ,28
26,2002,FELONY POSSESSION STOLEN PROPERTY            ,32
26,2003,FELONY POSSESSION STOLEN PROPERTY            ,20
26,2004,FELONY POSSESSION STOLEN PROPERTY            ,11
26,2005,FELONY POSSESSION STOLEN PROPERTY            ,19
26,2006,FELONY POSSESSION STOLEN PROPERTY            ,23
26,2007,FELONY POSSESSION STOLEN PROPERTY            ,5
26,2008,FELONY POSSESSION STOLEN PROPERTY            ,8
26,2009,FELONY POSSESSION STOLEN PROPERTY            ,9
26,2010,FELONY POSSESSION STOLEN PROPERTY            ,10
26,2011,FELONY POSSESSION STOLEN PROPERTY            ,3
26,2012,FELONY POSSESSION STOLEN PROPERTY            ,5
26,2013,FELONY POSSESSION STOLEN PROPERTY            ,9
26,2014,FELONY POSSESSION STOLEN PROPERTY            ,8
28,2000,FELONY POSSESSION STOLEN PROPERTY            ,25
28,2001,FELONY POSSESSION STOLEN PROPERTY            ,33
28,2002,FELONY POSSESSION STOLEN PROPERTY            ,35
28,2003,FELONY POSSESSION STOLEN PROPERTY            ,14
28,2004,FELONY POSSESSION STOLEN PROPERTY            ,13
28,2005,FELONY POSSESSION STOLEN PROPERTY            ,21
28,2006,FELONY POSSESSION STOLEN PROPERTY            ,20
28,2007,FELONY POSSESSION STOLEN PROPERTY            ,18
28,2008,FELONY POSSESSION STOLEN PROPERTY            ,13
28,2009,FELONY POSSESSION STOLEN PROPERTY            ,17
28,2010,FELONY POSSESSION STOLEN PROPERTY            ,12
28,2011,FELONY POSSESSION STOLEN PROPERTY            ,8
28,2012,FELONY POSSESSION STOLEN PROPERTY            ,6
28,2013,FELONY POSSESSION STOLEN PROPERTY            ,5
28,2014,FELONY POSSESSION STOLEN PROPERTY            ,15
30,2000,FELONY POSSESSION STOLEN PROPERTY            ,99
30,2001,FELONY POSSESSION STOLEN PROPERTY            ,78
30,2002,FELONY POSSESSION STOLEN PROPERTY            ,49
30,2003,FELONY POSSESSION STOLEN PROPERTY            ,37
30,2004,FELONY POSSESSION STOLEN PROPERTY            ,36
30,2005,FELONY POSSESSION STOLEN PROPERTY            ,24
30,2006,FELONY POSSESSION STOLEN PROPERTY            ,27
30,2007,FELONY POSSESSION STOLEN PROPERTY            ,17
30,2008,FELONY POSSESSION STOLEN PROPERTY            ,17
30,2009,FELONY POSSESSION STOLEN PROPERTY            ,9
30,2010,FELONY POSSESSION STOLEN PROPERTY            ,2
30,2011,FELONY POSSESSION STOLEN PROPERTY            ,6
30,2012,FELONY POSSESSION STOLEN PROPERTY            ,7
30,2013,FELONY POSSESSION STOLEN PROPERTY            ,8
30,2014,FELONY POSSESSION STOLEN PROPERTY            ,8
32,2000,FELONY POSSESSION STOLEN PROPERTY            ,21
32,2001,FELONY POSSESSION STOLEN PROPERTY            ,45
32,2002,FELONY POSSESSION STOLEN PROPERTY            ,45
32,2003,FELONY POSSESSION STOLEN PROPERTY            ,29
32,2004,FELONY POSSESSION STOLEN PROPERTY            ,28
32,2005,FELONY POSSESSION STOLEN PROPERTY            ,15
32,2006,FELONY POSSESSION STOLEN PROPERTY            ,14
32,2007,FELONY POSSESSION STOLEN PROPERTY            ,12
32,2008,FELONY POSSESSION STOLEN PROPERTY            ,16
32,2009,FELONY POSSESSION STOLEN PROPERTY            ,15
32,2010,FELONY POSSESSION STOLEN PROPERTY            ,8
32,2011,FELONY POSSESSION STOLEN PROPERTY            ,12
32,2012,FELONY POSSESSION STOLEN PROPERTY            ,12
32,2013,FELONY POSSESSION STOLEN PROPERTY            ,8
32,2014,FELONY POSSESSION STOLEN PROPERTY            ,12
33,2000,FELONY POSSESSION STOLEN PROPERTY            ,35
33,2001,FELONY POSSESSION STOLEN PROPERTY            ,42
33,2002,FELONY POSSESSION STOLEN PROPERTY            ,46
33,2003,FELONY POSSESSION STOLEN PROPERTY            ,30
33,2004,FELONY POSSESSION STOLEN PROPERTY            ,21
33,2005,FELONY POSSESSION STOLEN PROPERTY            ,24
33,2006,FELONY POSSESSION STOLEN PROPERTY            ,17
33,2007,FELONY POSSESSION STOLEN PROPERTY            ,15
33,2008,FELONY POSSESSION STOLEN PROPERTY            ,13
33,2009,FELONY POSSESSION STOLEN PROPERTY            ,15
33,2010,FELONY POSSESSION STOLEN PROPERTY            ,13
33,2011,FELONY POSSESSION STOLEN PROPERTY            ,9
33,2012,FELONY POSSESSION STOLEN PROPERTY            ,6
33,2013,FELONY POSSESSION STOLEN PROPERTY            ,12
33,2014,FELONY POSSESSION STOLEN PROPERTY            ,9
34,2000,FELONY POSSESSION STOLEN PROPERTY            ,23
34,2001,FELONY POSSESSION STOLEN PROPERTY            ,16
34,2002,FELONY POSSESSION STOLEN PROPERTY            ,35
34,2003,FELONY POSSESSION STOLEN PROPERTY            ,37
34,2004,FELONY POSSESSION STOLEN PROPERTY            ,35
34,2005,FELONY POSSESSION STOLEN PROPERTY            ,24
34,2006,FELONY POSSESSION STOLEN PROPERTY            ,23
34,2007,FELONY POSSESSION STOLEN PROPERTY            ,20
34,2008,FELONY POSSESSION STOLEN PROPERTY            ,18
34,2009,FELONY POSSESSION STOLEN PROPERTY            ,13
34,2010,FELONY POSSESSION STOLEN PROPERTY            ,18
34,2011,FELONY POSSESSION STOLEN PROPERTY            ,15
34,2012,FELONY POSSESSION STOLEN PROPERTY            ,14
34,2013,FELONY POSSESSION STOLEN PROPERTY            ,8
34,2014,FELONY POSSESSION STOLEN PROPERTY            ,13
40,2000,FELONY POSSESSION STOLEN PROPERTY            ,41
40,2001,FELONY POSSESSION STOLEN PROPERTY            ,36
40,2002,FELONY POSSESSION STOLEN PROPERTY            ,31
40,2003,FELONY POSSESSION STOLEN PROPERTY            ,27
40,2004,FELONY POSSESSION STOLEN PROPERTY            ,34
40,2005,FELONY POSSESSION STOLEN PROPERTY            ,36
40,2006,FELONY POSSESSION STOLEN PROPERTY            ,19
40,2007,FELONY POSSESSION STOLEN PROPERTY            ,26
40,2008,FELONY POSSESSION STOLEN PROPERTY            ,21
40,2009,FELONY POSSESSION STOLEN PROPERTY            ,11
40,2010,FELONY POSSESSION STOLEN PROPERTY            ,4
40,2011,FELONY POSSESSION STOLEN PROPERTY            ,8
40,2012,FELONY POSSESSION STOLEN PROPERTY            ,9
40,2013,FELONY POSSESSION STOLEN PROPERTY            ,5
40,2014,FELONY POSSESSION STOLEN PROPERTY            ,14
41,2000,FELONY POSSESSION STOLEN PROPERTY            ,45
41,2001,FELONY POSSESSION STOLEN PROPERTY            ,60
41,2002,FELONY POSSESSION STOLEN PROPERTY            ,41
41,2003,FELONY POSSESSION STOLEN PROPERTY            ,31
41,2004,FELONY POSSESSION STOLEN PROPERTY            ,27
41,2005,FELONY POSSESSION STOLEN PROPERTY            ,15
41,2006,FELONY POSSESSION STOLEN PROPERTY            ,9
41,2007,FELONY POSSESSION STOLEN PROPERTY            ,15
41,2008,FELONY POSSESSION STOLEN PROPERTY            ,19
41,2009,FELONY POSSESSION STOLEN PROPERTY            ,10
41,2010,FELONY POSSESSION STOLEN PROPERTY            ,13
41,2011,FELONY POSSESSION STOLEN PROPERTY            ,15
41,2012,FELONY POSSESSION STOLEN PROPERTY            ,11
41,2013,FELONY POSSESSION STOLEN PROPERTY            ,6
41,2014,FELONY POSSESSION STOLEN PROPERTY            ,4
42,2000,FELONY POSSESSION STOLEN PROPERTY            ,56
42,2001,FELONY POSSESSION STOLEN PROPERTY            ,44
42,2002,FELONY POSSESSION STOLEN PROPERTY            ,37
42,2003,FELONY POSSESSION STOLEN PROPERTY            ,31
42,2004,FELONY POSSESSION STOLEN PROPERTY            ,18
42,2005,FELONY POSSESSION STOLEN PROPERTY            ,18
42,2006,FELONY POSSESSION STOLEN PROPERTY            ,12
42,2007,FELONY POSSESSION STOLEN PROPERTY            ,12
42,2008,FELONY POSSESSION STOLEN PROPERTY            ,14
42,2009,FELONY POSSESSION STOLEN PROPERTY            ,11
42,2010,FELONY POSSESSION STOLEN PROPERTY            ,8
42,2011,FELONY POSSESSION STOLEN PROPERTY            ,11
42,2012,FELONY POSSESSION STOLEN PROPERTY            ,3
42,2013,FELONY POSSESSION STOLEN PROPERTY            ,6
42,2014,FELONY POSSESSION STOLEN PROPERTY            ,8
43,2000,FELONY POSSESSION STOLEN PROPERTY            ,47
43,2001,FELONY POSSESSION STOLEN PROPERTY            ,44
43,2002,FELONY POSSESSION STOLEN PROPERTY            ,51
43,2003,FELONY POSSESSION STOLEN PROPERTY            ,23
43,2004,FELONY POSSESSION STOLEN PROPERTY            ,34
43,2005,FELONY POSSESSION STOLEN PROPERTY            ,25
43,2006,FELONY POSSESSION STOLEN PROPERTY            ,13
43,2007,FELONY POSSESSION STOLEN PROPERTY            ,11
43,2008,FELONY POSSESSION STOLEN PROPERTY            ,22
43,2009,FELONY POSSESSION STOLEN PROPERTY            ,17
43,2010,FELONY POSSESSION STOLEN PROPERTY            ,11
43,2011,FELONY POSSESSION STOLEN PROPERTY            ,11
43,2012,FELONY POSSESSION STOLEN PROPERTY            ,10
43,2013,FELONY POSSESSION STOLEN PROPERTY            ,11
43,2014,FELONY POSSESSION STOLEN PROPERTY            ,12
44,2000,FELONY POSSESSION STOLEN PROPERTY            ,98
44,2001,FELONY POSSESSION STOLEN PROPERTY            ,82
44,2002,FELONY POSSESSION STOLEN PROPERTY            ,94
44,2003,FELONY POSSESSION STOLEN PROPERTY            ,65
44,2004,FELONY POSSESSION STOLEN PROPERTY            ,58
44,2005,FELONY POSSESSION STOLEN PROPERTY            ,50
44,2006,FELONY POSSESSION STOLEN PROPERTY            ,36
44,2007,FELONY POSSESSION STOLEN PROPERTY            ,30
44,2008,FELONY POSSESSION STOLEN PROPERTY            ,24
44,2009,FELONY POSSESSION STOLEN PROPERTY            ,14
44,2010,FELONY POSSESSION STOLEN PROPERTY            ,17
44,2011,FELONY POSSESSION STOLEN PROPERTY            ,15
44,2012,FELONY POSSESSION STOLEN PROPERTY            ,8
44,2013,FELONY POSSESSION STOLEN PROPERTY            ,10
44,2014,FELONY POSSESSION STOLEN PROPERTY            ,22
45,2000,FELONY POSSESSION STOLEN PROPERTY            ,20
45,2001,FELONY POSSESSION STOLEN PROPERTY            ,22
45,2002,FELONY POSSESSION STOLEN PROPERTY            ,28
45,2003,FELONY POSSESSION STOLEN PROPERTY            ,15
45,2004,FELONY POSSESSION STOLEN PROPERTY            ,19
45,2005,FELONY POSSESSION STOLEN PROPERTY            ,14
45,2006,FELONY POSSESSION STOLEN PROPERTY            ,6
45,2007,FELONY POSSESSION STOLEN PROPERTY            ,10
45,2008,FELONY POSSESSION STOLEN PROPERTY            ,6
45,2009,FELONY POSSESSION STOLEN PROPERTY            ,8
45,2010,FELONY POSSESSION STOLEN PROPERTY            ,6
45,2011,FELONY POSSESSION STOLEN PROPERTY            ,10
45,2012,FELONY POSSESSION STOLEN PROPERTY            ,4
45,2013,FELONY POSSESSION STOLEN PROPERTY            ,4
45,2014,FELONY POSSESSION STOLEN PROPERTY            ,6
46,2000,FELONY POSSESSION STOLEN PROPERTY            ,51
46,2001,FELONY POSSESSION STOLEN PROPERTY            ,81
46,2002,FELONY POSSESSION STOLEN PROPERTY            ,86
46,2003,FELONY POSSESSION STOLEN PROPERTY            ,42
46,2004,FELONY POSSESSION STOLEN PROPERTY            ,30
46,2005,FELONY POSSESSION STOLEN PROPERTY            ,43
46,2006,FELONY POSSESSION STOLEN PROPERTY            ,25
46,2007,FELONY POSSESSION STOLEN PROPERTY            ,25
46,2008,FELONY POSSESSION STOLEN PROPERTY            ,18
46,2009,FELONY POSSESSION STOLEN PROPERTY            ,15
46,2010,FELONY POSSESSION STOLEN PROPERTY            ,13
46,2011,FELONY POSSESSION STOLEN PROPERTY            ,23
46,2012,FELONY POSSESSION STOLEN PROPERTY            ,12
46,2013,FELONY POSSESSION STOLEN PROPERTY            ,11
46,2014,FELONY POSSESSION STOLEN PROPERTY            ,21
47,2000,FELONY POSSESSION STOLEN PROPERTY            ,51
47,2001,FELONY POSSESSION STOLEN PROPERTY            ,60
47,2002,FELONY POSSESSION STOLEN PROPERTY            ,44
47,2003,FELONY POSSESSION STOLEN PROPERTY            ,59
47,2004,FELONY POSSESSION STOLEN PROPERTY            ,36
47,2005,FELONY POSSESSION STOLEN PROPERTY            ,26
47,2006,FELONY POSSESSION STOLEN PROPERTY            ,30
47,2007,FELONY POSSESSION STOLEN PROPERTY            ,25
47,2008,FELONY POSSESSION STOLEN PROPERTY            ,27
47,2009,FELONY POSSESSION STOLEN PROPERTY            ,15
47,2010,FELONY POSSESSION STOLEN PROPERTY            ,16
47,2011,FELONY POSSESSION STOLEN PROPERTY            ,12
47,2012,FELONY POSSESSION STOLEN PROPERTY            ,14
47,2013,FELONY POSSESSION STOLEN PROPERTY            ,6
47,2014,FELONY POSSESSION STOLEN PROPERTY            ,11
48,2000,FELONY POSSESSION STOLEN PROPERTY            ,47
48,2001,FELONY POSSESSION STOLEN PROPERTY            ,37
48,2002,FELONY POSSESSION STOLEN PROPERTY            ,51
48,2003,FELONY POSSESSION STOLEN PROPERTY            ,40
48,2004,FELONY POSSESSION STOLEN PROPERTY            ,18
48,2005,FELONY POSSESSION STOLEN PROPERTY            ,11
48,2006,FELONY POSSESSION STOLEN PROPERTY            ,16
48,2007,FELONY POSSESSION STOLEN PROPERTY            ,25
48,2008,FELONY POSSESSION STOLEN PROPERTY            ,18
48,2009,FELONY POSSESSION STOLEN PROPERTY            ,11
48,2010,FELONY POSSESSION STOLEN PROPERTY            ,18
48,2011,FELONY POSSESSION STOLEN PROPERTY            ,14
48,2012,FELONY POSSESSION STOLEN PROPERTY            ,13
48,2013,FELONY POSSESSION STOLEN PROPERTY            ,10
48,2014,FELONY POSSESSION STOLEN PROPERTY            ,6
49,2000,FELONY POSSESSION STOLEN PROPERTY            ,12
49,2001,FELONY POSSESSION STOLEN PROPERTY            ,14
49,2002,FELONY POSSESSION STOLEN PROPERTY            ,21
49,2003,FELONY POSSESSION STOLEN PROPERTY            ,16
49,2004,FELONY POSSESSION STOLEN PROPERTY            ,14
49,2005,FELONY POSSESSION STOLEN PROPERTY            ,11
49,2006,FELONY POSSESSION STOLEN PROPERTY            ,7
49,2007,FELONY POSSESSION STOLEN PROPERTY            ,7
49,2008,FELONY POSSESSION STOLEN PROPERTY            ,9
49,2009,FELONY POSSESSION STOLEN PROPERTY            ,3
49,2010,FELONY POSSESSION STOLEN PROPERTY            ,4
49,2011,FELONY POSSESSION STOLEN PROPERTY            ,3
49,2012,FELONY POSSESSION STOLEN PROPERTY            ,10
49,2013,FELONY POSSESSION STOLEN PROPERTY            ,3
49,2014,FELONY POSSESSION STOLEN PROPERTY            ,12
50,2000,FELONY POSSESSION STOLEN PROPERTY            ,22
50,2001,FELONY POSSESSION STOLEN PROPERTY            ,19
50,2002,FELONY POSSESSION STOLEN PROPERTY            ,20
50,2003,FELONY POSSESSION STOLEN PROPERTY            ,15
50,2004,FELONY POSSESSION STOLEN PROPERTY            ,15
50,2005,FELONY POSSESSION STOLEN PROPERTY            ,12
50,2006,FELONY POSSESSION STOLEN PROPERTY            ,12
50,2007,FELONY POSSESSION STOLEN PROPERTY            ,12
50,2008,FELONY POSSESSION STOLEN PROPERTY            ,12
50,2009,FELONY POSSESSION STOLEN PROPERTY            ,9
50,2010,FELONY POSSESSION STOLEN PROPERTY            ,7
50,2011,FELONY POSSESSION STOLEN PROPERTY            ,6
50,2012,FELONY POSSESSION STOLEN PROPERTY            ,0
50,2013,FELONY POSSESSION STOLEN PROPERTY            ,1
50,2014,FELONY POSSESSION STOLEN PROPERTY            ,6
52,2000,FELONY POSSESSION STOLEN PROPERTY            ,70
52,2001,FELONY POSSESSION STOLEN PROPERTY            ,47
52,2002,FELONY POSSESSION STOLEN PROPERTY            ,39
52,2003,FELONY POSSESSION STOLEN PROPERTY            ,41
52,2004,FELONY POSSESSION STOLEN PROPERTY            ,31
52,2005,FELONY POSSESSION STOLEN PROPERTY            ,40
52,2006,FELONY POSSESSION STOLEN PROPERTY            ,23
52,2007,FELONY POSSESSION STOLEN PROPERTY            ,18
52,2008,FELONY POSSESSION STOLEN PROPERTY            ,28
52,2009,FELONY POSSESSION STOLEN PROPERTY            ,11
52,2010,FELONY POSSESSION STOLEN PROPERTY            ,12
52,2011,FELONY POSSESSION STOLEN PROPERTY            ,29
52,2012,FELONY POSSESSION STOLEN PROPERTY            ,11
52,2013,FELONY POSSESSION STOLEN PROPERTY            ,10
52,2014,FELONY POSSESSION STOLEN PROPERTY            ,10
60,2000,FELONY POSSESSION STOLEN PROPERTY            ,7
60,2001,FELONY POSSESSION STOLEN PROPERTY            ,26
60,2002,FELONY POSSESSION STOLEN PROPERTY            ,6
60,2003,FELONY POSSESSION STOLEN PROPERTY            ,17
60,2004,FELONY POSSESSION STOLEN PROPERTY            ,9
60,2005,FELONY POSSESSION STOLEN PROPERTY            ,7
60,2006,FELONY POSSESSION STOLEN PROPERTY            ,9
60,2007,FELONY POSSESSION STOLEN PROPERTY            ,13
60,2008,FELONY POSSESSION STOLEN PROPERTY            ,11
60,2009,FELONY POSSESSION STOLEN PROPERTY            ,3
60,2010,FELONY POSSESSION STOLEN PROPERTY            ,12
60,2011,FELONY POSSESSION STOLEN PROPERTY            ,11
60,2012,FELONY POSSESSION STOLEN PROPERTY            ,4
60,2013,FELONY POSSESSION STOLEN PROPERTY            ,3
60,2014,FELONY POSSESSION STOLEN PROPERTY            ,9
61,2000,FELONY POSSESSION STOLEN PROPERTY            ,7
61,2001,FELONY POSSESSION STOLEN PROPERTY            ,6
61,2002,FELONY POSSESSION STOLEN PROPERTY            ,28
61,2003,FELONY POSSESSION STOLEN PROPERTY            ,12
61,2004,FELONY POSSESSION STOLEN PROPERTY            ,8
61,2005,FELONY POSSESSION STOLEN PROPERTY            ,9
61,2006,FELONY POSSESSION STOLEN PROPERTY            ,15
61,2007,FELONY POSSESSION STOLEN PROPERTY            ,12
61,2008,FELONY POSSESSION STOLEN PROPERTY            ,10
61,2009,FELONY POSSESSION STOLEN PROPERTY            ,10
61,2010,FELONY POSSESSION STOLEN PROPERTY            ,7
61,2011,FELONY POSSESSION STOLEN PROPERTY            ,8
61,2012,FELONY POSSESSION STOLEN PROPERTY            ,6
61,2013,FELONY POSSESSION STOLEN PROPERTY            ,11
61,2014,FELONY POSSESSION STOLEN PROPERTY            ,11
62,2000,FELONY POSSESSION STOLEN PROPERTY            ,1
62,2001,FELONY POSSESSION STOLEN PROPERTY            ,7
62,2002,FELONY POSSESSION STOLEN PROPERTY            ,6
62,2003,FELONY POSSESSION STOLEN PROPERTY            ,8
62,2004,FELONY POSSESSION STOLEN PROPERTY            ,2
62,2005,FELONY POSSESSION STOLEN PROPERTY            ,2
62,2006,FELONY POSSESSION STOLEN PROPERTY            ,5
62,2007,FELONY POSSESSION STOLEN PROPERTY            ,2
62,2008,FELONY POSSESSION STOLEN PROPERTY            ,5
62,2009,FELONY POSSESSION STOLEN PROPERTY            ,5
62,2010,FELONY POSSESSION STOLEN PROPERTY            ,7
62,2011,FELONY POSSESSION STOLEN PROPERTY            ,5
62,2012,FELONY POSSESSION STOLEN PROPERTY            ,2
62,2013,FELONY POSSESSION STOLEN PROPERTY            ,2
62,2014,FELONY POSSESSION STOLEN PROPERTY            ,6
63,2000,FELONY POSSESSION STOLEN PROPERTY            ,11
63,2001,FELONY POSSESSION STOLEN PROPERTY            ,8
63,2002,FELONY POSSESSION STOLEN PROPERTY            ,11
63,2003,FELONY POSSESSION STOLEN PROPERTY            ,13
63,2004,FELONY POSSESSION STOLEN PROPERTY            ,4
63,2005,FELONY POSSESSION STOLEN PROPERTY            ,5
63,2006,FELONY POSSESSION STOLEN PROPERTY            ,1
63,2007,FELONY POSSESSION STOLEN PROPERTY            ,7
63,2008,FELONY POSSESSION STOLEN PROPERTY            ,5
63,2009,FELONY POSSESSION STOLEN PROPERTY            ,5
63,2010,FELONY POSSESSION STOLEN PROPERTY            ,2
63,2011,FELONY POSSESSION STOLEN PROPERTY            ,9
63,2012,FELONY POSSESSION STOLEN PROPERTY            ,3
63,2013,FELONY POSSESSION STOLEN PROPERTY            ,4
63,2014,FELONY POSSESSION STOLEN PROPERTY            ,12
66,2000,FELONY POSSESSION STOLEN PROPERTY            ,7
66,2001,FELONY POSSESSION STOLEN PROPERTY            ,9
66,2002,FELONY POSSESSION STOLEN PROPERTY            ,10
66,2003,FELONY POSSESSION STOLEN PROPERTY            ,6
66,2004,FELONY POSSESSION STOLEN PROPERTY            ,7
66,2005,FELONY POSSESSION STOLEN PROPERTY            ,7
66,2006,FELONY POSSESSION STOLEN PROPERTY            ,4
66,2007,FELONY POSSESSION STOLEN PROPERTY            ,2
66,2008,FELONY POSSESSION STOLEN PROPERTY            ,1
66,2009,FELONY POSSESSION STOLEN PROPERTY            ,1
66,2010,FELONY POSSESSION STOLEN PROPERTY            ,7
66,2011,FELONY POSSESSION STOLEN PROPERTY            ,3
66,2012,FELONY POSSESSION STOLEN PROPERTY            ,2
66,2013,FELONY POSSESSION STOLEN PROPERTY            ,1
66,2014,FELONY POSSESSION STOLEN PROPERTY            ,0
67,2000,FELONY POSSESSION STOLEN PROPERTY            ,28
67,2001,FELONY POSSESSION STOLEN PROPERTY            ,42
67,2002,FELONY POSSESSION STOLEN PROPERTY            ,29
67,2003,FELONY POSSESSION STOLEN PROPERTY            ,32
67,2004,FELONY POSSESSION STOLEN PROPERTY            ,16
67,2005,FELONY POSSESSION STOLEN PROPERTY            ,10
67,2006,FELONY POSSESSION STOLEN PROPERTY            ,12
67,2007,FELONY POSSESSION STOLEN PROPERTY            ,25
67,2008,FELONY POSSESSION STOLEN PROPERTY            ,15
67,2009,FELONY POSSESSION STOLEN PROPERTY            ,23
67,2010,FELONY POSSESSION STOLEN PROPERTY            ,10
67,2011,FELONY POSSESSION STOLEN PROPERTY            ,15
67,2012,FELONY POSSESSION STOLEN PROPERTY            ,15
67,2013,FELONY POSSESSION STOLEN PROPERTY            ,10
67,2014,FELONY POSSESSION STOLEN PROPERTY            ,34
68,2000,FELONY POSSESSION STOLEN PROPERTY            ,10
68,2001,FELONY POSSESSION STOLEN PROPERTY            ,10
68,2002,FELONY POSSESSION STOLEN PROPERTY            ,8
68,2003,FELONY POSSESSION STOLEN PROPERTY            ,4
68,2004,FELONY POSSESSION STOLEN PROPERTY            ,5
68,2005,FELONY POSSESSION STOLEN PROPERTY            ,3
68,2006,FELONY POSSESSION STOLEN PROPERTY            ,3
68,2007,FELONY POSSESSION STOLEN PROPERTY            ,3
68,2008,FELONY POSSESSION STOLEN PROPERTY            ,3
68,2009,FELONY POSSESSION STOLEN PROPERTY            ,2
68,2010,FELONY POSSESSION STOLEN PROPERTY            ,6
68,2011,FELONY POSSESSION STOLEN PROPERTY            ,2
68,2012,FELONY POSSESSION STOLEN PROPERTY            ,1
68,2013,FELONY POSSESSION STOLEN PROPERTY            ,4
68,2014,FELONY POSSESSION STOLEN PROPERTY            ,2
69,2000,FELONY POSSESSION STOLEN PROPERTY            ,40
69,2001,FELONY POSSESSION STOLEN PROPERTY            ,22
69,2002,FELONY POSSESSION STOLEN PROPERTY            ,17
69,2003,FELONY POSSESSION STOLEN PROPERTY            ,7
69,2004,FELONY POSSESSION STOLEN PROPERTY            ,6
69,2005,FELONY POSSESSION STOLEN PROPERTY            ,9
69,2006,FELONY POSSESSION STOLEN PROPERTY            ,12
69,2007,FELONY POSSESSION STOLEN PROPERTY            ,7
69,2008,FELONY POSSESSION STOLEN PROPERTY            ,4
69,2009,FELONY POSSESSION STOLEN PROPERTY            ,4
69,2010,FELONY POSSESSION STOLEN PROPERTY            ,4
69,2011,FELONY POSSESSION STOLEN PROPERTY            ,3
69,2012,FELONY POSSESSION STOLEN PROPERTY            ,16
69,2013,FELONY POSSESSION STOLEN PROPERTY            ,16
69,2014,FELONY POSSESSION STOLEN PROPERTY            ,19
70,2000,FELONY POSSESSION STOLEN PROPERTY            ,22
70,2001,FELONY POSSESSION STOLEN PROPERTY            ,31
70,2002,FELONY POSSESSION STOLEN PROPERTY            ,37
70,2003,FELONY POSSESSION STOLEN PROPERTY            ,23
70,2004,FELONY POSSESSION STOLEN PROPERTY            ,21
70,2005,FELONY POSSESSION STOLEN PROPERTY            ,9
70,2006,FELONY POSSESSION STOLEN PROPERTY            ,14
70,2007,FELONY POSSESSION STOLEN PROPERTY            ,20
70,2008,FELONY POSSESSION STOLEN PROPERTY            ,24
70,2009,FELONY POSSESSION STOLEN PROPERTY            ,17
70,2010,FELONY POSSESSION STOLEN PROPERTY            ,19
70,2011,FELONY POSSESSION STOLEN PROPERTY            ,20
70,2012,FELONY POSSESSION STOLEN PROPERTY            ,14
70,2013,FELONY POSSESSION STOLEN PROPERTY            ,13
70,2014,FELONY POSSESSION STOLEN PROPERTY            ,15
71,2000,FELONY POSSESSION STOLEN PROPERTY            ,16
71,2001,FELONY POSSESSION STOLEN PROPERTY            ,22
71,2002,FELONY POSSESSION STOLEN PROPERTY            ,16
71,2003,FELONY POSSESSION STOLEN PROPERTY            ,13
71,2004,FELONY POSSESSION STOLEN PROPERTY            ,13
71,2005,FELONY POSSESSION STOLEN PROPERTY            ,15
71,2006,FELONY POSSESSION STOLEN PROPERTY            ,12
71,2007,FELONY POSSESSION STOLEN PROPERTY            ,15
71,2008,FELONY POSSESSION STOLEN PROPERTY            ,12
71,2009,FELONY POSSESSION STOLEN PROPERTY            ,12
71,2010,FELONY POSSESSION STOLEN PROPERTY            ,8
71,2011,FELONY POSSESSION STOLEN PROPERTY            ,16
71,2012,FELONY POSSESSION STOLEN PROPERTY            ,20
71,2013,FELONY POSSESSION STOLEN PROPERTY            ,9
71,2014,FELONY POSSESSION STOLEN PROPERTY            ,14
72,2000,FELONY POSSESSION STOLEN PROPERTY            ,5
72,2001,FELONY POSSESSION STOLEN PROPERTY            ,10
72,2002,FELONY POSSESSION STOLEN PROPERTY            ,17
72,2003,FELONY POSSESSION STOLEN PROPERTY            ,11
72,2004,FELONY POSSESSION STOLEN PROPERTY            ,4
72,2005,FELONY POSSESSION STOLEN PROPERTY            ,6
72,2006,FELONY POSSESSION STOLEN PROPERTY            ,8
72,2007,FELONY POSSESSION STOLEN PROPERTY            ,5
72,2008,FELONY POSSESSION STOLEN PROPERTY            ,9
72,2009,FELONY POSSESSION STOLEN PROPERTY            ,1
72,2010,FELONY POSSESSION STOLEN PROPERTY            ,6
72,2011,FELONY POSSESSION STOLEN PROPERTY            ,2
72,2012,FELONY POSSESSION STOLEN PROPERTY            ,1
72,2013,FELONY POSSESSION STOLEN PROPERTY            ,2
72,2014,FELONY POSSESSION STOLEN PROPERTY            ,11
73,2000,FELONY POSSESSION STOLEN PROPERTY            ,93
73,2001,FELONY POSSESSION STOLEN PROPERTY            ,89
73,2002,FELONY POSSESSION STOLEN PROPERTY            ,53
73,2003,FELONY POSSESSION STOLEN PROPERTY            ,27
73,2004,FELONY POSSESSION STOLEN PROPERTY            ,41
73,2005,FELONY POSSESSION STOLEN PROPERTY            ,30
73,2006,FELONY POSSESSION STOLEN PROPERTY            ,29
73,2007,FELONY POSSESSION STOLEN PROPERTY            ,23
73,2008,FELONY POSSESSION STOLEN PROPERTY            ,13
73,2009,FELONY POSSESSION STOLEN PROPERTY            ,17
73,2010,FELONY POSSESSION STOLEN PROPERTY            ,17
73,2011,FELONY POSSESSION STOLEN PROPERTY            ,5
73,2012,FELONY POSSESSION STOLEN PROPERTY            ,12
73,2013,FELONY POSSESSION STOLEN PROPERTY            ,8
73,2014,FELONY POSSESSION STOLEN PROPERTY            ,43
75,2000,FELONY POSSESSION STOLEN PROPERTY            ,103
75,2001,FELONY POSSESSION STOLEN PROPERTY            ,109
75,2002,FELONY POSSESSION STOLEN PROPERTY            ,78
75,2003,FELONY POSSESSION STOLEN PROPERTY            ,82
75,2004,FELONY POSSESSION STOLEN PROPERTY            ,74
75,2005,FELONY POSSESSION STOLEN PROPERTY            ,113
75,2006,FELONY POSSESSION STOLEN PROPERTY            ,79
75,2007,FELONY POSSESSION STOLEN PROPERTY            ,66
75,2008,FELONY POSSESSION STOLEN PROPERTY            ,57
75,2009,FELONY POSSESSION STOLEN PROPERTY            ,53
75,2010,FELONY POSSESSION STOLEN PROPERTY            ,36
75,2011,FELONY POSSESSION STOLEN PROPERTY            ,41
75,2012,FELONY POSSESSION STOLEN PROPERTY            ,18
75,2013,FELONY POSSESSION STOLEN PROPERTY            ,23
75,2014,FELONY POSSESSION STOLEN PROPERTY            ,44
76,2000,FELONY POSSESSION STOLEN PROPERTY            ,14
76,2001,FELONY POSSESSION STOLEN PROPERTY            ,12
76,2002,FELONY POSSESSION STOLEN PROPERTY            ,15
76,2003,FELONY POSSESSION STOLEN PROPERTY            ,21
76,2004,FELONY POSSESSION STOLEN PROPERTY            ,10
76,2005,FELONY POSSESSION STOLEN PROPERTY            ,11
76,2006,FELONY POSSESSION STOLEN PROPERTY            ,6
76,2007,FELONY POSSESSION STOLEN PROPERTY            ,5
76,2008,FELONY POSSESSION STOLEN PROPERTY            ,9
76,2009,FELONY POSSESSION STOLEN PROPERTY            ,0
76,2010,FELONY POSSESSION STOLEN PROPERTY            ,0
76,2011,FELONY POSSESSION STOLEN PROPERTY            ,4
76,2012,FELONY POSSESSION STOLEN PROPERTY            ,1
76,2013,FELONY POSSESSION STOLEN PROPERTY            ,2
76,2014,FELONY POSSESSION STOLEN PROPERTY            ,18
77,2000,FELONY POSSESSION STOLEN PROPERTY            ,40
77,2001,FELONY POSSESSION STOLEN PROPERTY            ,58
77,2002,FELONY POSSESSION STOLEN PROPERTY            ,36
77,2003,FELONY POSSESSION STOLEN PROPERTY            ,39
77,2004,FELONY POSSESSION STOLEN PROPERTY            ,32
77,2005,FELONY POSSESSION STOLEN PROPERTY            ,22
77,2006,FELONY POSSESSION STOLEN PROPERTY            ,23
77,2007,FELONY POSSESSION STOLEN PROPERTY            ,22
77,2008,FELONY POSSESSION STOLEN PROPERTY            ,21
77,2009,FELONY POSSESSION STOLEN PROPERTY            ,15
77,2010,FELONY POSSESSION STOLEN PROPERTY            ,21
77,2011,FELONY POSSESSION STOLEN PROPERTY            ,29
77,2012,FELONY POSSESSION STOLEN PROPERTY            ,17
77,2013,FELONY POSSESSION STOLEN PROPERTY            ,12
77,2014,FELONY POSSESSION STOLEN PROPERTY            ,23
78,2000,FELONY POSSESSION STOLEN PROPERTY            ,4
78,2001,FELONY POSSESSION STOLEN PROPERTY            ,1
78,2002,FELONY POSSESSION STOLEN PROPERTY            ,3
78,2003,FELONY POSSESSION STOLEN PROPERTY            ,1
78,2004,FELONY POSSESSION STOLEN PROPERTY            ,5
78,2005,FELONY POSSESSION STOLEN PROPERTY            ,4
78,2006,FELONY POSSESSION STOLEN PROPERTY            ,3
78,2007,FELONY POSSESSION STOLEN PROPERTY            ,5
78,2008,FELONY POSSESSION STOLEN PROPERTY            ,4
78,2009,FELONY POSSESSION STOLEN PROPERTY            ,5
78,2010,FELONY POSSESSION STOLEN PROPERTY            ,3
78,2011,FELONY POSSESSION STOLEN PROPERTY            ,1
78,2012,FELONY POSSESSION STOLEN PROPERTY            ,4
78,2013,FELONY POSSESSION STOLEN PROPERTY            ,3
78,2014,FELONY POSSESSION STOLEN PROPERTY            ,21
79,2000,FELONY POSSESSION STOLEN PROPERTY            ,48
79,2001,FELONY POSSESSION STOLEN PROPERTY            ,51
79,2002,FELONY POSSESSION STOLEN PROPERTY            ,35
79,2003,FELONY POSSESSION STOLEN PROPERTY            ,35
79,2004,FELONY POSSESSION STOLEN PROPERTY            ,31
79,2005,FELONY POSSESSION STOLEN PROPERTY            ,28
79,2006,FELONY POSSESSION STOLEN PROPERTY            ,20
79,2007,FELONY POSSESSION STOLEN PROPERTY            ,23
79,2008,FELONY POSSESSION STOLEN PROPERTY            ,17
79,2009,FELONY POSSESSION STOLEN PROPERTY            ,14
79,2010,FELONY POSSESSION STOLEN PROPERTY            ,10
79,2011,FELONY POSSESSION STOLEN PROPERTY            ,20
79,2012,FELONY POSSESSION STOLEN PROPERTY            ,13
79,2013,FELONY POSSESSION STOLEN PROPERTY            ,10
79,2014,FELONY POSSESSION STOLEN PROPERTY            ,35
81,2000,FELONY POSSESSION STOLEN PROPERTY            ,34
81,2001,FELONY POSSESSION STOLEN PROPERTY            ,32
81,2002,FELONY POSSESSION STOLEN PROPERTY            ,20
81,2003,FELONY POSSESSION STOLEN PROPERTY            ,25
81,2004,FELONY POSSESSION STOLEN PROPERTY            ,11
81,2005,FELONY POSSESSION STOLEN PROPERTY            ,9
81,2006,FELONY POSSESSION STOLEN PROPERTY            ,12
81,2007,FELONY POSSESSION STOLEN PROPERTY            ,7
81,2008,FELONY POSSESSION STOLEN PROPERTY            ,7
81,2009,FELONY POSSESSION STOLEN PROPERTY            ,11
81,2010,FELONY POSSESSION STOLEN PROPERTY            ,14
81,2011,FELONY POSSESSION STOLEN PROPERTY            ,7
81,2012,FELONY POSSESSION STOLEN PROPERTY            ,10
81,2013,FELONY POSSESSION STOLEN PROPERTY            ,14
81,2014,FELONY POSSESSION STOLEN PROPERTY            ,32
83,2000,FELONY POSSESSION STOLEN PROPERTY            ,89
83,2001,FELONY POSSESSION STOLEN PROPERTY            ,27
83,2002,FELONY POSSESSION STOLEN PROPERTY            ,31
83,2003,FELONY POSSESSION STOLEN PROPERTY            ,37
83,2004,FELONY POSSESSION STOLEN PROPERTY            ,21
83,2005,FELONY POSSESSION STOLEN PROPERTY            ,19
83,2006,FELONY POSSESSION STOLEN PROPERTY            ,34
83,2007,FELONY POSSESSION STOLEN PROPERTY            ,25
83,2008,FELONY POSSESSION STOLEN PROPERTY            ,19
83,2009,FELONY POSSESSION STOLEN PROPERTY            ,10
83,2010,FELONY POSSESSION STOLEN PROPERTY            ,10
83,2011,FELONY POSSESSION STOLEN PROPERTY            ,15
83,2012,FELONY POSSESSION STOLEN PROPERTY            ,5
83,2013,FELONY POSSESSION STOLEN PROPERTY            ,10
83,2014,FELONY POSSESSION STOLEN PROPERTY            ,16
84,2000,FELONY POSSESSION STOLEN PROPERTY            ,12
84,2001,FELONY POSSESSION STOLEN PROPERTY            ,15
84,2002,FELONY POSSESSION STOLEN PROPERTY            ,8
84,2003,FELONY POSSESSION STOLEN PROPERTY            ,13
84,2004,FELONY POSSESSION STOLEN PROPERTY            ,14
84,2005,FELONY POSSESSION STOLEN PROPERTY            ,9
84,2006,FELONY POSSESSION STOLEN PROPERTY            ,9
84,2007,FELONY POSSESSION STOLEN PROPERTY            ,12
84,2008,FELONY POSSESSION STOLEN PROPERTY            ,15
84,2009,FELONY POSSESSION STOLEN PROPERTY            ,8
84,2010,FELONY POSSESSION STOLEN PROPERTY            ,5
84,2011,FELONY POSSESSION STOLEN PROPERTY            ,9
84,2012,FELONY POSSESSION STOLEN PROPERTY            ,10
84,2013,FELONY POSSESSION STOLEN PROPERTY            ,4
84,2014,FELONY POSSESSION STOLEN PROPERTY            ,17
88,2000,FELONY POSSESSION STOLEN PROPERTY            ,16
88,2001,FELONY POSSESSION STOLEN PROPERTY            ,13
88,2002,FELONY POSSESSION STOLEN PROPERTY            ,8
88,2003,FELONY POSSESSION STOLEN PROPERTY            ,11
88,2004,FELONY POSSESSION STOLEN PROPERTY            ,15
88,2005,FELONY POSSESSION STOLEN PROPERTY            ,11
88,2006,FELONY POSSESSION STOLEN PROPERTY            ,9
88,2007,FELONY POSSESSION STOLEN PROPERTY            ,6
88,2008,FELONY POSSESSION STOLEN PROPERTY            ,7
88,2009,FELONY POSSESSION STOLEN PROPERTY            ,4
88,2010,FELONY POSSESSION STOLEN PROPERTY            ,1
88,2011,FELONY POSSESSION STOLEN PROPERTY            ,1
88,2012,FELONY POSSESSION STOLEN PROPERTY            ,3
88,2013,FELONY POSSESSION STOLEN PROPERTY            ,4
88,2014,FELONY POSSESSION STOLEN PROPERTY            ,17
90,2000,FELONY POSSESSION STOLEN PROPERTY            ,17
90,2001,FELONY POSSESSION STOLEN PROPERTY            ,18
90,2002,FELONY POSSESSION STOLEN PROPERTY            ,15
90,2003,FELONY POSSESSION STOLEN PROPERTY            ,19
90,2004,FELONY POSSESSION STOLEN PROPERTY            ,16
90,2005,FELONY POSSESSION STOLEN PROPERTY            ,10
90,2006,FELONY POSSESSION STOLEN PROPERTY            ,15
90,2007,FELONY POSSESSION STOLEN PROPERTY            ,7
90,2008,FELONY POSSESSION STOLEN PROPERTY            ,12
90,2009,FELONY POSSESSION STOLEN PROPERTY            ,8
90,2010,FELONY POSSESSION STOLEN PROPERTY            ,10
90,2011,FELONY POSSESSION STOLEN PROPERTY            ,9
90,2012,FELONY POSSESSION STOLEN PROPERTY            ,4
90,2013,FELONY POSSESSION STOLEN PROPERTY            ,6
90,2014,FELONY POSSESSION STOLEN PROPERTY            ,17
94,2000,FELONY POSSESSION STOLEN PROPERTY            ,9
94,2001,FELONY POSSESSION STOLEN PROPERTY            ,10
94,2002,FELONY POSSESSION STOLEN PROPERTY            ,6
94,2003,FELONY POSSESSION STOLEN PROPERTY            ,3
94,2004,FELONY POSSESSION STOLEN PROPERTY            ,3
94,2005,FELONY POSSESSION STOLEN PROPERTY            ,3
94,2006,FELONY POSSESSION STOLEN PROPERTY            ,2
94,2007,FELONY POSSESSION STOLEN PROPERTY            ,4
94,2008,FELONY POSSESSION STOLEN PROPERTY            ,4
94,2009,FELONY POSSESSION STOLEN PROPERTY            ,4
94,2010,FELONY POSSESSION STOLEN PROPERTY            ,6
94,2011,FELONY POSSESSION STOLEN PROPERTY            ,5
94,2012,FELONY POSSESSION STOLEN PROPERTY            ,2
94,2013,FELONY POSSESSION STOLEN PROPERTY            ,0
94,2014,FELONY POSSESSION STOLEN PROPERTY            ,5
100,2000,FELONY POSSESSION STOLEN PROPERTY            ,6
100,2001,FELONY POSSESSION STOLEN PROPERTY            ,4
100,2002,FELONY POSSESSION STOLEN PROPERTY            ,11
100,2003,FELONY POSSESSION STOLEN PROPERTY            ,6
100,2004,FELONY POSSESSION STOLEN PROPERTY            ,3
100,2005,FELONY POSSESSION STOLEN PROPERTY            ,5
100,2006,FELONY POSSESSION STOLEN PROPERTY            ,3
100,2007,FELONY POSSESSION STOLEN PROPERTY            ,0
100,2008,FELONY POSSESSION STOLEN PROPERTY            ,4
100,2009,FELONY POSSESSION STOLEN PROPERTY            ,4
100,2010,FELONY POSSESSION STOLEN PROPERTY            ,4
100,2011,FELONY POSSESSION STOLEN PROPERTY            ,1
100,2012,FELONY POSSESSION STOLEN PROPERTY            ,2
100,2013,FELONY POSSESSION STOLEN PROPERTY            ,1
100,2014,FELONY POSSESSION STOLEN PROPERTY            ,3
101,2000,FELONY POSSESSION STOLEN PROPERTY            ,9
101,2001,FELONY POSSESSION STOLEN PROPERTY            ,12
101,2002,FELONY POSSESSION STOLEN PROPERTY            ,21
101,2003,FELONY POSSESSION STOLEN PROPERTY            ,11
101,2004,FELONY POSSESSION STOLEN PROPERTY            ,12
101,2005,FELONY POSSESSION STOLEN PROPERTY            ,10
101,2006,FELONY POSSESSION STOLEN PROPERTY            ,9
101,2007,FELONY POSSESSION STOLEN PROPERTY            ,5
101,2008,FELONY POSSESSION STOLEN PROPERTY            ,7
101,2009,FELONY POSSESSION STOLEN PROPERTY            ,3
101,2010,FELONY POSSESSION STOLEN PROPERTY            ,12
101,2011,FELONY POSSESSION STOLEN PROPERTY            ,4
101,2012,FELONY POSSESSION STOLEN PROPERTY            ,6
101,2013,FELONY POSSESSION STOLEN PROPERTY            ,5
101,2014,FELONY POSSESSION STOLEN PROPERTY            ,4
102,2000,FELONY POSSESSION STOLEN PROPERTY            ,35
102,2001,FELONY POSSESSION STOLEN PROPERTY            ,30
102,2002,FELONY POSSESSION STOLEN PROPERTY            ,40
102,2003,FELONY POSSESSION STOLEN PROPERTY            ,11
102,2004,FELONY POSSESSION STOLEN PROPERTY            ,16
102,2005,FELONY POSSESSION STOLEN PROPERTY            ,17
102,2006,FELONY POSSESSION STOLEN PROPERTY            ,17
102,2007,FELONY POSSESSION STOLEN PROPERTY            ,13
102,2008,FELONY POSSESSION STOLEN PROPERTY            ,11
102,2009,FELONY POSSESSION STOLEN PROPERTY            ,13
102,2010,FELONY POSSESSION STOLEN PROPERTY            ,5
102,2011,FELONY POSSESSION STOLEN PROPERTY            ,6
102,2012,FELONY POSSESSION STOLEN PROPERTY            ,5
102,2013,FELONY POSSESSION STOLEN PROPERTY            ,6
102,2014,FELONY POSSESSION STOLEN PROPERTY            ,6
103,2000,FELONY POSSESSION STOLEN PROPERTY            ,42
103,2001,FELONY POSSESSION STOLEN PROPERTY            ,26
103,2002,FELONY POSSESSION STOLEN PROPERTY            ,19
103,2003,FELONY POSSESSION STOLEN PROPERTY            ,21
103,2004,FELONY POSSESSION STOLEN PROPERTY            ,24
103,2005,FELONY POSSESSION STOLEN PROPERTY            ,16
103,2006,FELONY POSSESSION STOLEN PROPERTY            ,24
103,2007,FELONY POSSESSION STOLEN PROPERTY            ,11
103,2008,FELONY POSSESSION STOLEN PROPERTY            ,33
103,2009,FELONY POSSESSION STOLEN PROPERTY            ,16
103,2010,FELONY POSSESSION STOLEN PROPERTY            ,20
103,2011,FELONY POSSESSION STOLEN PROPERTY            ,21
103,2012,FELONY POSSESSION STOLEN PROPERTY            ,11
103,2013,FELONY POSSESSION STOLEN PROPERTY            ,15
103,2014,FELONY POSSESSION STOLEN PROPERTY            ,20
104,2000,FELONY POSSESSION STOLEN PROPERTY            ,24
104,2001,FELONY POSSESSION STOLEN PROPERTY            ,15
104,2002,FELONY POSSESSION STOLEN PROPERTY            ,26
104,2003,FELONY POSSESSION STOLEN PROPERTY            ,12
104,2004,FELONY POSSESSION STOLEN PROPERTY            ,15
104,2005,FELONY POSSESSION STOLEN PROPERTY            ,10
104,2006,FELONY POSSESSION STOLEN PROPERTY            ,15
104,2007,FELONY POSSESSION STOLEN PROPERTY            ,5
104,2008,FELONY POSSESSION STOLEN PROPERTY            ,2
104,2009,FELONY POSSESSION STOLEN PROPERTY            ,10
104,2010,FELONY POSSESSION STOLEN PROPERTY            ,12
104,2011,FELONY POSSESSION STOLEN PROPERTY            ,5
104,2012,FELONY POSSESSION STOLEN PROPERTY            ,6
104,2013,FELONY POSSESSION STOLEN PROPERTY            ,5
104,2014,FELONY POSSESSION STOLEN PROPERTY            ,18
105,2000,FELONY POSSESSION STOLEN PROPERTY            ,39
105,2001,FELONY POSSESSION STOLEN PROPERTY            ,33
105,2002,FELONY POSSESSION STOLEN PROPERTY            ,32
105,2003,FELONY POSSESSION STOLEN PROPERTY            ,37
105,2004,FELONY POSSESSION STOLEN PROPERTY            ,31
105,2005,FELONY POSSESSION STOLEN PROPERTY            ,35
105,2006,FELONY POSSESSION STOLEN PROPERTY            ,25
105,2007,FELONY POSSESSION STOLEN PROPERTY            ,25
105,2008,FELONY POSSESSION STOLEN PROPERTY            ,4
105,2009,FELONY POSSESSION STOLEN PROPERTY            ,20
105,2010,FELONY POSSESSION STOLEN PROPERTY            ,27
105,2011,FELONY POSSESSION STOLEN PROPERTY            ,20
105,2012,FELONY POSSESSION STOLEN PROPERTY            ,13
105,2013,FELONY POSSESSION STOLEN PROPERTY            ,15
105,2014,FELONY POSSESSION STOLEN PROPERTY            ,11
106,2000,FELONY POSSESSION STOLEN PROPERTY            ,32
106,2001,FELONY POSSESSION STOLEN PROPERTY            ,14
106,2002,FELONY POSSESSION STOLEN PROPERTY            ,23
106,2003,FELONY POSSESSION STOLEN PROPERTY            ,9
106,2004,FELONY POSSESSION STOLEN PROPERTY            ,9
106,2005,FELONY POSSESSION STOLEN PROPERTY            ,10
106,2006,FELONY POSSESSION STOLEN PROPERTY            ,8
106,2007,FELONY POSSESSION STOLEN PROPERTY            ,10
106,2008,FELONY POSSESSION STOLEN PROPERTY            ,5
106,2009,FELONY POSSESSION STOLEN PROPERTY            ,6
106,2010,FELONY POSSESSION STOLEN PROPERTY            ,9
106,2011,FELONY POSSESSION STOLEN PROPERTY            ,9
106,2012,FELONY POSSESSION STOLEN PROPERTY            ,12
106,2013,FELONY POSSESSION STOLEN PROPERTY            ,9
106,2014,FELONY POSSESSION STOLEN PROPERTY            ,13
107,2000,FELONY POSSESSION STOLEN PROPERTY            ,13
107,2001,FELONY POSSESSION STOLEN PROPERTY            ,9
107,2002,FELONY POSSESSION STOLEN PROPERTY            ,8
107,2003,FELONY POSSESSION STOLEN PROPERTY            ,3
107,2004,FELONY POSSESSION STOLEN PROPERTY            ,11
107,2005,FELONY POSSESSION STOLEN PROPERTY            ,6
107,2006,FELONY POSSESSION STOLEN PROPERTY            ,19
107,2007,FELONY POSSESSION STOLEN PROPERTY            ,7
107,2008,FELONY POSSESSION STOLEN PROPERTY            ,13
107,2009,FELONY POSSESSION STOLEN PROPERTY            ,4
107,2010,FELONY POSSESSION STOLEN PROPERTY            ,6
107,2011,FELONY POSSESSION STOLEN PROPERTY            ,5
107,2012,FELONY POSSESSION STOLEN PROPERTY            ,3
107,2013,FELONY POSSESSION STOLEN PROPERTY            ,5
107,2014,FELONY POSSESSION STOLEN PROPERTY            ,10
108,2000,FELONY POSSESSION STOLEN PROPERTY            ,12
108,2001,FELONY POSSESSION STOLEN PROPERTY            ,13
108,2002,FELONY POSSESSION STOLEN PROPERTY            ,15
108,2003,FELONY POSSESSION STOLEN PROPERTY            ,13
108,2004,FELONY POSSESSION STOLEN PROPERTY            ,10
108,2005,FELONY POSSESSION STOLEN PROPERTY            ,10
108,2006,FELONY POSSESSION STOLEN PROPERTY            ,7
108,2007,FELONY POSSESSION STOLEN PROPERTY            ,6
108,2008,FELONY POSSESSION STOLEN PROPERTY            ,6
108,2009,FELONY POSSESSION STOLEN PROPERTY            ,6
108,2010,FELONY POSSESSION STOLEN PROPERTY            ,4
108,2011,FELONY POSSESSION STOLEN PROPERTY            ,7
108,2012,FELONY POSSESSION STOLEN PROPERTY            ,4
108,2013,FELONY POSSESSION STOLEN PROPERTY            ,10
108,2014,FELONY POSSESSION STOLEN PROPERTY            ,1
109,2000,FELONY POSSESSION STOLEN PROPERTY            ,10
109,2001,FELONY POSSESSION STOLEN PROPERTY            ,10
109,2002,FELONY POSSESSION STOLEN PROPERTY            ,16
109,2003,FELONY POSSESSION STOLEN PROPERTY            ,11
109,2004,FELONY POSSESSION STOLEN PROPERTY            ,11
109,2005,FELONY POSSESSION STOLEN PROPERTY            ,11
109,2006,FELONY POSSESSION STOLEN PROPERTY            ,10
109,2007,FELONY POSSESSION STOLEN PROPERTY            ,13
109,2008,FELONY POSSESSION STOLEN PROPERTY            ,11
109,2009,FELONY POSSESSION STOLEN PROPERTY            ,9
109,2010,FELONY POSSESSION STOLEN PROPERTY            ,4
109,2011,FELONY POSSESSION STOLEN PROPERTY            ,4
109,2012,FELONY POSSESSION STOLEN PROPERTY            ,4
109,2013,FELONY POSSESSION STOLEN PROPERTY            ,13
109,2014,FELONY POSSESSION STOLEN PROPERTY            ,13
110,2000,FELONY POSSESSION STOLEN PROPERTY            ,22
110,2001,FELONY POSSESSION STOLEN PROPERTY            ,26
110,2002,FELONY POSSESSION STOLEN PROPERTY            ,23
110,2003,FELONY POSSESSION STOLEN PROPERTY            ,15
110,2004,FELONY POSSESSION STOLEN PROPERTY            ,20
110,2005,FELONY POSSESSION STOLEN PROPERTY            ,19
110,2006,FELONY POSSESSION STOLEN PROPERTY            ,8
110,2007,FELONY POSSESSION STOLEN PROPERTY            ,12
110,2008,FELONY POSSESSION STOLEN PROPERTY            ,8
110,2009,FELONY POSSESSION STOLEN PROPERTY            ,1
110,2010,FELONY POSSESSION STOLEN PROPERTY            ,5
110,2011,FELONY POSSESSION STOLEN PROPERTY            ,9
110,2012,FELONY POSSESSION STOLEN PROPERTY            ,18
110,2013,FELONY POSSESSION STOLEN PROPERTY            ,28
110,2014,FELONY POSSESSION STOLEN PROPERTY            ,3
111,2000,FELONY POSSESSION STOLEN PROPERTY            ,6
111,2001,FELONY POSSESSION STOLEN PROPERTY            ,14
111,2002,FELONY POSSESSION STOLEN PROPERTY            ,7
111,2003,FELONY POSSESSION STOLEN PROPERTY            ,6
111,2004,FELONY POSSESSION STOLEN PROPERTY            ,3
111,2005,FELONY POSSESSION STOLEN PROPERTY            ,5
111,2006,FELONY POSSESSION STOLEN PROPERTY            ,5
111,2007,FELONY POSSESSION STOLEN PROPERTY            ,2
111,2008,FELONY POSSESSION STOLEN PROPERTY            ,2
111,2009,FELONY POSSESSION STOLEN PROPERTY            ,2
111,2010,FELONY POSSESSION STOLEN PROPERTY            ,5
111,2011,FELONY POSSESSION STOLEN PROPERTY            ,2
111,2012,FELONY POSSESSION STOLEN PROPERTY            ,2
111,2013,FELONY POSSESSION STOLEN PROPERTY            ,3
111,2014,FELONY POSSESSION STOLEN PROPERTY            ,3
112,2000,FELONY POSSESSION STOLEN PROPERTY            ,3
112,2001,FELONY POSSESSION STOLEN PROPERTY            ,11
112,2002,FELONY POSSESSION STOLEN PROPERTY            ,5
112,2003,FELONY POSSESSION STOLEN PROPERTY            ,6
112,2004,FELONY POSSESSION STOLEN PROPERTY            ,7
112,2005,FELONY POSSESSION STOLEN PROPERTY            ,1
112,2006,FELONY POSSESSION STOLEN PROPERTY            ,3
112,2007,FELONY POSSESSION STOLEN PROPERTY            ,9
112,2008,FELONY POSSESSION STOLEN PROPERTY            ,4
112,2009,FELONY POSSESSION STOLEN PROPERTY            ,3
112,2010,FELONY POSSESSION STOLEN PROPERTY            ,4
112,2011,FELONY POSSESSION STOLEN PROPERTY            ,4
112,2012,FELONY POSSESSION STOLEN PROPERTY            ,4
112,2013,FELONY POSSESSION STOLEN PROPERTY            ,4
112,2014,FELONY POSSESSION STOLEN PROPERTY            ,4
113,2000,FELONY POSSESSION STOLEN PROPERTY            ,100
113,2001,FELONY POSSESSION STOLEN PROPERTY            ,79
113,2002,FELONY POSSESSION STOLEN PROPERTY            ,68
113,2003,FELONY POSSESSION STOLEN PROPERTY            ,64
113,2004,FELONY POSSESSION STOLEN PROPERTY            ,56
113,2005,FELONY POSSESSION STOLEN PROPERTY            ,36
113,2006,FELONY POSSESSION STOLEN PROPERTY            ,25
113,2007,FELONY POSSESSION STOLEN PROPERTY            ,35
113,2008,FELONY POSSESSION STOLEN PROPERTY            ,28
113,2009,FELONY POSSESSION STOLEN PROPERTY            ,32
113,2010,FELONY POSSESSION STOLEN PROPERTY            ,43
113,2011,FELONY POSSESSION STOLEN PROPERTY            ,53
113,2012,FELONY POSSESSION STOLEN PROPERTY            ,70
113,2013,FELONY POSSESSION STOLEN PROPERTY            ,43
113,2014,FELONY POSSESSION STOLEN PROPERTY            ,25
114,2000,FELONY POSSESSION STOLEN PROPERTY            ,27
114,2001,FELONY POSSESSION STOLEN PROPERTY            ,19
114,2002,FELONY POSSESSION STOLEN PROPERTY            ,30
114,2003,FELONY POSSESSION STOLEN PROPERTY            ,13
114,2004,FELONY POSSESSION STOLEN PROPERTY            ,19
114,2005,FELONY POSSESSION STOLEN PROPERTY            ,15
114,2006,FELONY POSSESSION STOLEN PROPERTY            ,16
114,2007,FELONY POSSESSION STOLEN PROPERTY            ,22
114,2008,FELONY POSSESSION STOLEN PROPERTY            ,15
114,2009,FELONY POSSESSION STOLEN PROPERTY            ,15
114,2010,FELONY POSSESSION STOLEN PROPERTY            ,10
114,2011,FELONY POSSESSION STOLEN PROPERTY            ,9
114,2012,FELONY POSSESSION STOLEN PROPERTY            ,9
114,2013,FELONY POSSESSION STOLEN PROPERTY            ,8
114,2014,FELONY POSSESSION STOLEN PROPERTY            ,5
115,2000,FELONY POSSESSION STOLEN PROPERTY            ,25
115,2001,FELONY POSSESSION STOLEN PROPERTY            ,22
115,2002,FELONY POSSESSION STOLEN PROPERTY            ,20
115,2003,FELONY POSSESSION STOLEN PROPERTY            ,25
115,2004,FELONY POSSESSION STOLEN PROPERTY            ,20
115,2005,FELONY POSSESSION STOLEN PROPERTY            ,13
115,2006,FELONY POSSESSION STOLEN PROPERTY            ,18
115,2007,FELONY POSSESSION STOLEN PROPERTY            ,18
115,2008,FELONY POSSESSION STOLEN PROPERTY            ,24
115,2009,FELONY POSSESSION STOLEN PROPERTY            ,13
115,2010,FELONY POSSESSION STOLEN PROPERTY            ,21
115,2011,FELONY POSSESSION STOLEN PROPERTY            ,17
115,2012,FELONY POSSESSION STOLEN PROPERTY            ,11
115,2013,FELONY POSSESSION STOLEN PROPERTY            ,19
115,2014,FELONY POSSESSION STOLEN PROPERTY            ,11
120,2000,FELONY POSSESSION STOLEN PROPERTY            ,27
120,2001,FELONY POSSESSION STOLEN PROPERTY            ,21
120,2002,FELONY POSSESSION STOLEN PROPERTY            ,22
120,2003,FELONY POSSESSION STOLEN PROPERTY            ,19
120,2004,FELONY POSSESSION STOLEN PROPERTY            ,7
120,2005,FELONY POSSESSION STOLEN PROPERTY            ,14
120,2006,FELONY POSSESSION STOLEN PROPERTY            ,13
120,2007,FELONY POSSESSION STOLEN PROPERTY            ,8
120,2008,FELONY POSSESSION STOLEN PROPERTY            ,11
120,2009,FELONY POSSESSION STOLEN PROPERTY            ,7
120,2010,FELONY POSSESSION STOLEN PROPERTY            ,10
120,2011,FELONY POSSESSION STOLEN PROPERTY            ,5
120,2012,FELONY POSSESSION STOLEN PROPERTY            ,10
120,2013,FELONY POSSESSION STOLEN PROPERTY            ,6
120,2014,FELONY POSSESSION STOLEN PROPERTY            ,5
121,2000,FELONY POSSESSION STOLEN PROPERTY            ,
121,2001,FELONY POSSESSION STOLEN PROPERTY            ,
121,2002,FELONY POSSESSION STOLEN PROPERTY            ,
121,2003,FELONY POSSESSION STOLEN PROPERTY            ,
121,2004,FELONY POSSESSION STOLEN PROPERTY            ,
121,2005,FELONY POSSESSION STOLEN PROPERTY            ,
121,2006,FELONY POSSESSION STOLEN PROPERTY            ,
121,2007,FELONY POSSESSION STOLEN PROPERTY            ,
121,2008,FELONY POSSESSION STOLEN PROPERTY            ,
121,2009,FELONY POSSESSION STOLEN PROPERTY            ,
121,2010,FELONY POSSESSION STOLEN PROPERTY            ,
121,2011,FELONY POSSESSION STOLEN PROPERTY            ,
121,2012,FELONY POSSESSION STOLEN PROPERTY            ,
121,2013,FELONY POSSESSION STOLEN PROPERTY            ,0
121,2014,FELONY POSSESSION STOLEN PROPERTY            ,16
122,2000,FELONY POSSESSION STOLEN PROPERTY            ,10
122,2001,FELONY POSSESSION STOLEN PROPERTY            ,8
122,2002,FELONY POSSESSION STOLEN PROPERTY            ,12
122,2003,FELONY POSSESSION STOLEN PROPERTY            ,12
122,2004,FELONY POSSESSION STOLEN PROPERTY            ,8
122,2005,FELONY POSSESSION STOLEN PROPERTY            ,8
122,2006,FELONY POSSESSION STOLEN PROPERTY            ,15
122,2007,FELONY POSSESSION STOLEN PROPERTY            ,6
122,2008,FELONY POSSESSION STOLEN PROPERTY            ,5
122,2009,FELONY POSSESSION STOLEN PROPERTY            ,7
122,2010,FELONY POSSESSION STOLEN PROPERTY            ,6
122,2011,FELONY POSSESSION STOLEN PROPERTY            ,9
122,2012,FELONY POSSESSION STOLEN PROPERTY            ,3
122,2013,FELONY POSSESSION STOLEN PROPERTY            ,4
122,2014,FELONY POSSESSION STOLEN PROPERTY            ,4
123,2000,FELONY POSSESSION STOLEN PROPERTY            ,2
123,2001,FELONY POSSESSION STOLEN PROPERTY            ,3
123,2002,FELONY POSSESSION STOLEN PROPERTY            ,5
123,2003,FELONY POSSESSION STOLEN PROPERTY            ,9
123,2004,FELONY POSSESSION STOLEN PROPERTY            ,3
123,2005,FELONY POSSESSION STOLEN PROPERTY            ,2
123,2006,FELONY POSSESSION STOLEN PROPERTY            ,10
123,2007,FELONY POSSESSION STOLEN PROPERTY            ,2
123,2008,FELONY POSSESSION STOLEN PROPERTY            ,4
123,2009,FELONY POSSESSION STOLEN PROPERTY            ,1
123,2010,FELONY POSSESSION STOLEN PROPERTY            ,0
123,2011,FELONY POSSESSION STOLEN PROPERTY            ,0
123,2012,FELONY POSSESSION STOLEN PROPERTY            ,1
123,2013,FELONY POSSESSION STOLEN PROPERTY            ,1
123,2014,FELONY POSSESSION STOLEN PROPERTY            ,1
